,gen,nevals,max,avg,min,std
0,0,100,[90.07203191  2.        ],[69.06097073  0.97      ],[7.70993229 0.        ],[21.89631976  0.67014924]
1,1,100,[90.58203191  2.        ],[76.47396634  1.18      ],[25.3582124  0.       ],[14.43972577  0.63843559]
2,2,100,[90.4389706  2.       ],[65.96456934  0.93      ],[7.93556768 0.        ],[23.17886715  0.82770768]
3,3,100,[90.42863509  2.        ],[61.47586029  0.78      ],[8.00284017 0.        ],[22.89239096  0.71526219]
4,4,100,[90.60617313  2.        ],[64.23167805  0.98      ],[7.94204026 0.        ],[24.23361188  0.76131465]
5,5,100,[90.57617313  2.        ],[67.05939215  0.96      ],[3.32884247 0.        ],[26.06662777  0.74726167]
6,6,100,[90.43679893  2.        ],[64.28955473  0.88      ],[3.1415936 0.       ],[27.32537968  0.76524506]
7,7,100,[90.56162313  2.        ],[67.67028891  0.97      ],[12.02252947  0.        ],[23.78969331  0.79315824]
8,8,100,[90.64340212  2.        ],[73.57886093  1.09      ],[7.83314845 0.        ],[19.89771514  0.69419018]
9,9,100,[90.61340212  2.        ],[74.30950092  1.11      ],[21.12623842  0.        ],[18.90585625  0.79868642]
10,10,100,[90.6988398  2.       ],[71.87966871  1.12      ],[7.93717799 0.        ],[22.42868089  0.85182158]
11,11,100,[90.67874976  2.        ],[72.12149693  1.        ],[16.90352972  0.        ],[19.62992027  0.82462113]
12,12,100,[90.65162313  2.        ],[72.01703713  1.06      ],[8.01243017 0.        ],[20.88033958  0.84640416]
13,13,100,[90.70064475  2.        ],[72.8215893  1.06     ],[21.26666396  0.        ],[18.95720201  0.79774683]
14,14,100,[90.7449773  2.       ],[61.70735033  0.81      ],[8.01402507 0.        ],[24.78035632  0.86827415]
15,15,100,[90.70774831  2.        ],[72.83728633  1.22      ],[7.93717799 0.        ],[22.90847151  0.86694867]
16,16,100,[90.79486646  2.        ],[76.92231619  1.35      ],[25.92012779  0.        ],[18.75709313  0.80467385]
17,17,100,[90.7888398  2.       ],[78.99600247  1.34      ],[30.52370279  0.        ],[17.63711937  0.73783467]
18,18,100,[91.5588199  2.       ],[79.38024744  1.4       ],[34.90945875  0.        ],[18.12964536  0.76157731]
19,19,100,[90.85606879  2.        ],[73.15733301  1.1       ],[21.44041424  0.        ],[21.26739808  0.8660254 ]
20,20,100,[91.46279324  2.        ],[77.24009108  1.28      ],[21.41257603  0.        ],[18.82836272  0.80099938]
21,21,100,[91.55279324  2.        ],[75.93169261  1.19      ],[21.51243017  0.        ],[19.190464    0.82091412]
22,22,100,[90.82774831  2.        ],[80.87365795  1.41      ],[21.44041424  0.        ],[15.65317493  0.74959989]
23,23,100,[91.5288199  2.       ],[84.10962976  1.5       ],[34.96379852  0.        ],[11.42144706  0.7       ]
24,24,100,[91.5588199  2.       ],[82.65878394  1.53      ],[34.88657894  0.        ],[14.18782168  0.68490875]
25,25,100,[91.55012656  2.        ],[83.24210534  1.54      ],[34.9326325  0.       ],[13.19045028  0.69885621]
26,26,100,[91.46012656  2.        ],[83.83345624  1.52      ],[34.96957983  0.        ],[11.98260001  0.62417946]
27,27,100,[91.5588199  2.       ],[87.08685984  1.68      ],[66.10959354  0.        ],[5.83747999 0.52687759]
28,28,100,[91.5288199  2.       ],[84.1962781  1.53     ],[34.64048161  0.        ],[11.11123699  0.63960926]
29,29,100,[91.4988199  2.       ],[82.31122913  1.47      ],[25.99338121  0.        ],[13.27804352  0.67014924]
30,0,100,[76.41746131  1.        ],[73.29978841  0.99      ],[56.84070575  0.        ],[2.8123416  0.09949874]
31,1,100,[76.56514112  1.        ],[61.92509974  0.59      ],[-5.59129319  0.        ],[20.74640791  0.49183331]
32,2,100,[76.5283433  1.       ],[62.76830494  0.51      ],[-5.69145964  0.        ],[18.98849107  0.49989999]
33,3,100,[76.5283433  1.       ],[62.06584833  0.5       ],[-5.56509992  0.        ],[18.77959735  0.5       ]
34,4,100,[76.56514112  1.        ],[66.3654358  0.58     ],[12.30093975  0.        ],[13.56031558  0.49355851]
35,5,100,[77.56738071  1.        ],[65.33584197  0.55      ],[-5.61687026  0.        ],[16.00476801  0.49749372]
36,6,100,[77.56507124  1.        ],[63.49939664  0.47      ],[-5.81294847  0.        ],[18.33267964  0.49909919]
37,7,100,[76.56514112  1.        ],[62.94533221  0.52      ],[-1.29582211  0.        ],[20.55169242  0.49959984]
38,8,100,[77.56738071  1.        ],[64.41683076  0.48      ],[3.2732 0.    ],[16.89520902  0.49959984]
39,9,100,[76.56514112  1.        ],[67.09576587  0.47      ],[3.20561261 0.        ],[11.95790001  0.49909919]
40,10,100,[77.56507124  1.        ],[68.47128639  0.52      ],[30.19731149  0.        ],[8.92788257 0.49959984]
41,11,100,[77.56507124  1.        ],[69.19037303  0.56      ],[30.12809253  0.        ],[8.68588314 0.49638695]
42,12,100,[76.56628898  1.        ],[67.67588581  0.53      ],[-5.76019874  0.        ],[13.12859456  0.49909919]
43,13,100,[77.56738071  1.        ],[68.79508184  0.5       ],[52.50143609  0.        ],[7.72113612 0.5       ]
44,14,100,[76.56631621  1.        ],[69.11713198  0.53      ],[43.48375362  0.        ],[7.96654014 0.49909919]
45,15,100,[77.56507124  1.        ],[66.93404867  0.42      ],[3.26994766 0.        ],[10.10903456  0.49355851]
46,16,100,[76.56514112  1.        ],[68.71550665  0.54      ],[16.78299394  0.        ],[10.04688841  0.49839743]
47,17,100,[77.56738071  1.        ],[69.57944903  0.54      ],[57.30982319  0.        ],[7.27368982 0.49839743]
48,18,100,[77.56738071  1.        ],[68.94291379  0.5       ],[52.76578497  0.        ],[7.55468686 0.5       ]
49,19,100,[77.56738071  1.        ],[69.35957054  0.52      ],[61.78514112  0.        ],[7.25088363 0.49959984]
50,20,100,[77.56738071  1.        ],[68.9818  0.52  ],[48.00878864  0.        ],[7.92852472 0.49959984]
51,21,100,[77.56738071  1.        ],[68.56733737  0.49      ],[47.98597707  0.        ],[7.91274526 0.49989999]
52,22,100,[77.56738071  1.        ],[69.0047884  0.51     ],[48.34965144  0.        ],[7.74685112 0.49989999]
53,23,100,[76.56396879  1.        ],[67.18783441  0.46      ],[12.3462382  0.       ],[10.15546996  0.49839743]
54,24,100,[76.56396879  1.        ],[70.07895249  0.59      ],[48.34687718  0.        ],[7.73679606 0.49183331]
55,25,100,[76.56514112  1.        ],[68.79663671  0.52      ],[48.00271323  0.        ],[8.06045277 0.49959984]
56,26,100,[77.56738071  1.        ],[68.66680658  0.49      ],[52.78798566  0.        ],[7.71346909 0.49989999]
57,27,100,[77.56738071  1.        ],[69.21738462  0.54      ],[30.54693027  0.        ],[8.36555198 0.49839743]
58,28,100,[76.56396879  1.        ],[69.36616498  0.52      ],[52.75893185  0.        ],[7.35672586 0.49959984]
59,29,100,[77.56738071  1.        ],[70.18199935  0.58      ],[57.32672988  0.        ],[7.31696783 0.49355851]
60,0,100,[82.20124776  1.        ],[73.04405501  0.91      ],[30.4688025  0.       ],[11.51894562  0.28618176]
61,1,100,[89.77517213  2.        ],[65.76028013  0.67      ],[30.46197646  0.        ],[17.16533418  0.51097945]
62,2,100,[87.57458685  2.        ],[57.4144841  0.43     ],[16.33796328  0.        ],[19.411989    0.53394756]
63,3,100,[90.34919185  2.        ],[59.09902738  0.49      ],[4.71996945 0.        ],[20.51045906  0.53842363]
64,4,100,[89.91286845  2.        ],[44.18666709  0.38      ],[0.33072756 0.        ],[26.99498584  0.56178288]
65,5,100,[90.09484035  2.        ],[48.02096415  0.4       ],[-0.0660813  0.       ],[24.29436151  0.50990195]
66,6,100,[90.34919185  2.        ],[49.66182568  0.53      ],[0.05033928 0.        ],[28.41698177  0.62377881]
67,7,100,[87.95459673  2.        ],[40.66402146  0.33      ],[0.05617365 0.        ],[26.51110834  0.51097945]
68,8,100,[88.2253155  2.       ],[50.56471658  0.4       ],[0.07166953 0.        ],[22.80617837  0.50990195]
69,9,100,[89.36155504  2.        ],[46.54012648  0.47      ],[0.15442675 0.        ],[28.44501328  0.60753601]
70,10,100,[90.43919185  2.        ],[50.38931386  0.44      ],[-0.00557873  0.        ],[25.02929593  0.57131427]
71,11,100,[82.89617034  1.        ],[46.95531794  0.37      ],[0.09521787 0.        ],[23.02194436  0.48280431]
72,12,100,[80.75046673  1.        ],[43.62699708  0.33      ],[0.35573277 0.        ],[22.8312326   0.47021272]
73,13,100,[90.53483374  2.        ],[54.35310426  0.58      ],[0.16017394 0.        ],[21.1713219   0.53254108]
74,14,100,[90.62483374  2.        ],[52.70158982  0.55      ],[0.09268622 0.        ],[23.66857868  0.60621778]
75,15,100,[88.69919185  2.        ],[51.57761174  0.56      ],[0.07653575 0.        ],[23.44220072  0.58855756]
76,16,100,[90.41483374  2.        ],[53.69573606  0.57      ],[0.07531475 0.        ],[23.95120345  0.66715815]
77,17,100,[90.44483374  2.        ],[54.74201121  0.46      ],[0.09521787 0.        ],[21.52201424  0.65452273]
78,18,100,[90.23483374  2.        ],[57.38066124  0.61      ],[0.09648852 0.        ],[22.91118674  0.69130312]
79,19,100,[90.82919185  2.        ],[56.46196066  0.58      ],[0.09268622 0.        ],[23.30818594  0.7236021 ]
80,20,100,[90.79919185  2.        ],[52.7827712  0.6      ],[0.15157774 0.        ],[26.06188993  0.73484692]
81,21,100,[90.87790385  2.        ],[56.6899579  0.64     ],[0.08891262 0.        ],[23.55975633  0.71442284]
82,22,100,[90.48790385  2.        ],[50.2531992  0.36     ],[4.64034131 0.        ],[20.40309505  0.53888774]
83,23,100,[90.75790385  2.        ],[56.26862906  0.6       ],[4.51237463 0.        ],[23.7555724   0.66332496]
84,24,100,[90.84790385  2.        ],[60.46453573  0.63      ],[11.86655491  0.        ],[21.92017702  0.68782265]
85,25,100,[90.93790385  2.        ],[61.93787742  0.64      ],[16.70223141  0.        ],[20.18859113  0.71442284]
86,26,100,[90.77626986  2.        ],[59.03556506  0.54      ],[12.03069429  0.        ],[22.0288841   0.63906181]
87,27,100,[90.78790385  2.        ],[61.28900696  0.61      ],[17.28459188  0.        ],[21.59665785  0.61473572]
88,28,100,[90.96790385  2.        ],[65.12965422  0.7       ],[25.49077949  0.        ],[18.99348304  0.65574385]
89,29,100,[90.81790385  2.        ],[63.26796458  0.61      ],[20.7640346  0.       ],[18.7042274   0.59824744]
90,0,100,[81.03298653  1.        ],[53.66043465  0.56      ],[-5.53547857  0.        ],[23.57154199  0.49638695]
91,1,100,[81.04459568  1.        ],[58.09359825  0.56      ],[-1.03295968  0.        ],[18.49151188  0.49638695]
92,2,100,[86.12958729  2.        ],[56.6139103  0.61     ],[-5.54296001  0.        ],[24.72734741  0.56382621]
93,3,100,[85.61958729  2.        ],[60.07015975  0.62      ],[7.96535445 0.        ],[18.47682331  0.50556899]
94,4,100,[85.76958729  2.        ],[56.41196303  0.56      ],[-5.54296001  0.        ],[20.31144797  0.51613952]
95,5,100,[86.12958729  2.        ],[56.04159604  0.51      ],[30.54490722  0.        ],[17.87487864  0.53842363]
96,6,100,[85.79792891  2.        ],[57.66931052  0.57      ],[3.47350055 0.        ],[18.63966624  0.51487863]
97,7,100,[86.09958729  2.        ],[62.12667679  0.65      ],[30.59071122  0.        ],[17.25315347  0.49749372]
98,8,100,[85.91958729  2.        ],[62.06607596  0.65      ],[30.58398849  0.        ],[17.45738331  0.51720402]
99,9,100,[86.00958729  2.        ],[58.60583671  0.55      ],[30.5817413  0.       ],[18.34572481  0.51720402]
100,10,100,[85.97958729  2.        ],[61.29921143  0.61      ],[34.8217063  0.       ],[17.46856521  0.52716221]
101,11,100,[86.17992908  2.        ],[57.84474149  0.53      ],[34.66557414  0.        ],[18.21783671  0.55596762]
102,12,100,[86.20648079  2.        ],[62.00958378  0.62      ],[34.82625179  0.        ],[16.79952616  0.54369109]
103,13,100,[86.23648079  2.        ],[70.23099797  0.89      ],[25.9408592  0.       ],[14.3550428   0.58129167]
104,14,100,[85.93648079  2.        ],[61.92989314  0.6       ],[-5.55136459  0.        ],[19.26883328  0.52915026]
105,15,100,[87.60835828  2.        ],[64.84395683  0.7       ],[30.57391599  0.        ],[16.4770563   0.59160798]
106,16,100,[88.27806933  2.        ],[69.21974962  0.8       ],[21.50815937  0.        ],[16.80912977  0.6164414 ]
107,17,100,[88.22629035  2.        ],[78.28528407  1.13      ],[7.9535729 0.       ],[9.50498397 0.48280431]
108,18,100,[88.42332996  2.        ],[77.64394031  1.1       ],[34.95384695  0.        ],[8.48061183 0.5       ]
109,19,100,[87.60496147  2.        ],[78.23439057  1.09      ],[34.95714729  0.        ],[9.00352973 0.60158125]
110,20,100,[88.39569403  2.        ],[79.31535661  1.18      ],[61.82397388  0.        ],[5.50275125 0.45563143]
111,21,100,[88.36919803  2.        ],[78.67951801  1.1       ],[48.32672988  0.        ],[6.66779446 0.5       ]
112,22,100,[88.39569403  2.        ],[79.5743469  1.19     ],[34.96278975  0.        ],[8.52021601 0.54212545]
113,23,100,[88.28391504  2.        ],[79.89726523  1.29      ],[44.00629544  0.        ],[8.24912756 0.60489669]
114,24,100,[88.45332996  2.        ],[80.13016579  1.26      ],[44.08375147  0.        ],[6.54220191 0.48207883]
115,25,100,[88.3254927  2.       ],[79.91025688  1.09      ],[61.64126748  0.        ],[4.89147819 0.37669616]
116,26,100,[88.42332996  2.        ],[80.90431861  1.21      ],[71.72770963  1.        ],[4.11925721 0.40730824]
117,27,100,[88.43391504  2.        ],[81.58933213  1.23      ],[71.71857695  1.        ],[4.00097029 0.42083251]
118,28,100,[88.43391504  2.        ],[80.94206683  1.22      ],[66.1163402  0.       ],[4.17915866 0.43772137]
119,29,100,[88.42806933  2.        ],[81.24579842  1.24      ],[71.68479873  1.        ],[4.50954891 0.42708313]
120,0,100,[76.47333624  1.        ],[75.16154129  0.93      ],[61.46616386  0.        ],[3.80900402 0.25514702]
121,1,100,[76.48488409  1.        ],[69.40585275  0.6       ],[34.94530825  0.        ],[10.22377917  0.48989795]
122,2,100,[76.48488409  1.        ],[71.07455537  0.72      ],[34.83812577  0.        ],[10.19897439  0.44899889]
123,3,100,[79.63969571  1.        ],[68.6866303  0.66     ],[34.94204026  0.        ],[12.98301452  0.47370877]
124,4,100,[76.48488409  1.        ],[65.20342835  0.48      ],[34.9387935  0.       ],[14.31708775  0.49959984]
125,5,100,[79.63177161  1.        ],[61.60713343  0.41      ],[34.94367158  0.        ],[16.58401195  0.49183331]
126,6,100,[76.48488409  1.        ],[63.62994117  0.43      ],[34.72243874  0.        ],[15.07928357  0.49507575]
127,7,100,[76.48488409  1.        ],[64.55912997  0.37      ],[34.94367158  0.        ],[12.8310059   0.48280431]
128,8,100,[76.48488409  1.        ],[66.93088356  0.38      ],[34.72080208  0.        ],[10.20243674  0.48538644]
129,9,100,[79.6349262  1.       ],[65.23953147  0.24      ],[34.94367158  0.        ],[9.52873768 0.42708313]
130,10,100,[79.63810081  1.        ],[66.50775363  0.34      ],[34.72080208  0.        ],[10.06334752  0.47370877]
131,11,100,[79.6848014  1.       ],[67.11815421  0.23      ],[34.94530825  0.        ],[6.38426183 0.42083251]
132,12,100,[76.48488409  1.        ],[65.83634803  0.19      ],[34.94530825  0.        ],[6.20725741 0.3923009 ]
133,13,100,[79.68831019  1.        ],[66.32658458  0.17      ],[61.58469601  0.        ],[5.08983161 0.3756328 ]
134,14,100,[79.67613567  1.        ],[65.12722926  0.13      ],[34.94530825  0.        ],[6.38928823 0.33630343]
135,15,100,[79.74413017  1.        ],[64.94956082  0.08      ],[34.94530825  0.        ],[5.87650223 0.2712932 ]
136,16,100,[79.74216553  1.        ],[65.75930481  0.11      ],[61.58633267  0.        ],[4.37222373 0.31288976]
137,17,100,[79.75407086  1.        ],[64.92515034  0.07      ],[61.58633267  0.        ],[4.26372107 0.25514702]
138,18,100,[79.75608293  1.        ],[65.50729724  0.09      ],[61.69790444  0.        ],[4.22486946 0.28618176]
139,19,100,[79.75206685  1.        ],[6.45211324e+01 4.00000000e-02],[61.58633267  0.        ],[3.37818088 0.19595918]
140,20,100,[76.48488409  1.        ],[6.50741228e+01 5.00000000e-02],[61.58633267  0.        ],[3.32827332 0.21794495]
141,21,100,[79.75608293  1.        ],[6.45661074e+01 4.00000000e-02],[61.58633267  0.        ],[3.52238226 0.19595918]
142,22,100,[79.75407086  1.        ],[6.46136792e+01 4.00000000e-02],[61.69382279  0.        ],[3.37353504 0.19595918]
143,23,100,[79.75608293  1.        ],[6.45384892e+01 5.00000000e-02],[61.74089924  0.        ],[3.73259865 0.21794495]
144,24,100,[79.75608293  1.        ],[6.44727154e+01 4.00000000e-02],[61.69585945  0.        ],[3.53442782 0.19595918]
145,25,100,[79.75407086  1.        ],[6.40440131e+01 2.00000000e-02],[61.69382279  0.        ],[3.11375189 0.14      ]
146,26,100,[79.75608293  1.        ],[6.43328352e+01 4.00000000e-02],[61.69179439  0.        ],[3.51443505 0.19595918]
147,27,100,[79.75608293  1.        ],[6.43153075e+01 4.00000000e-02],[61.69179439  0.        ],[3.29398289 0.19595918]
148,28,100,[79.75608293  1.        ],[6.4499041e+01 5.0000000e-02],[61.74089924  0.        ],[3.62400443 0.21794495]
149,29,100,[79.75007083  1.        ],[65.11487616  0.08      ],[61.69585945  0.        ],[4.06903581 0.2712932 ]
150,0,100,[86.38473871  2.        ],[63.49249868  0.93      ],[-6.36383008  0.        ],[24.40121903  0.77788174]
151,1,100,[86.36965187  2.        ],[62.13451882  0.86      ],[-6.28909115  0.        ],[25.08146775  0.80024996]
152,2,100,[86.41646583  2.        ],[56.01390936  0.74      ],[-6.01064503  0.        ],[27.80590532  0.71582121]
153,3,100,[86.39965187  2.        ],[54.24954913  0.76      ],[-5.92326107  0.        ],[27.29154943  0.8138796 ]
154,4,100,[86.64639186  2.        ],[58.07055601  0.86      ],[-5.91875654  0.        ],[25.92169847  0.76183988]
155,5,100,[88.82792342  2.        ],[73.25119614  1.26      ],[3.07743785 0.        ],[19.01088406  0.83210576]
156,6,100,[88.99499876  2.        ],[74.41345935  1.29      ],[12.26022777  0.        ],[17.827547    0.76544105]
157,7,100,[88.89488409  2.        ],[64.68011546  0.82      ],[-5.56186366  0.        ],[22.83202853  0.88746831]
158,8,100,[88.92488409  2.        ],[66.15522862  0.8       ],[11.9507535  0.       ],[20.50034668  0.82462113]
159,9,100,[88.98957896  2.        ],[65.3744097  0.8      ],[7.63015278 0.        ],[21.14924664  0.82462113]
160,10,100,[88.99499876  2.        ],[68.2744285  0.92     ],[30.43396254  0.        ],[20.8405071   0.87954534]
161,11,100,[89.16488409  2.        ],[66.58055391  0.82      ],[7.94530825 0.        ],[20.65641089  0.88746831]
162,12,100,[89.91265385  2.        ],[67.44078361  1.07      ],[-1.05860632  0.        ],[25.24044083  0.82770768]
163,13,100,[90.20207677  2.        ],[59.51680697  1.04      ],[-5.56509992  0.        ],[33.78611731  0.92649879]
164,14,100,[89.81959812  2.        ],[53.91750846  0.72      ],[-5.57571948  0.        ],[30.82553367  0.78841613]
165,15,100,[89.78020818  2.        ],[51.68521965  0.74      ],[-5.56671023  0.        ],[32.21094084  0.83210576]
166,16,100,[89.66723405  2.        ],[58.23271919  0.8       ],[-5.56962484  0.        ],[27.49359124  0.83666003]
167,17,100,[90.22194694  2.        ],[48.78381978  0.67      ],[-5.59582262  0.        ],[34.06194752  0.78809898]
168,18,100,[90.21926596  2.        ],[70.31269842  1.16      ],[-5.56962484  0.        ],[24.38421182  0.85697141]
169,19,100,[90.22194694  2.        ],[66.56947747  1.02      ],[-5.55696966  0.        ],[25.01601563  0.8829496 ]
170,20,100,[90.37194694  2.        ],[76.87934291  1.36      ],[21.28628898  0.        ],[16.65623305  0.781281  ]
171,21,100,[90.26150458  2.        ],[70.56968918  1.35      ],[-5.56476256  0.        ],[26.40572207  0.81700673]
172,22,100,[90.37194694  2.        ],[73.95267803  1.44      ],[7.90910353 0.        ],[24.84885999  0.84047606]
173,23,100,[90.42357153  2.        ],[69.34657146  1.31      ],[-1.05696966  0.        ],[28.18054531  0.85667964]
174,24,100,[90.23781492  2.        ],[63.54532613  1.12      ],[-5.56671023  0.        ],[30.86928593  0.88634079]
175,25,100,[90.44391298  2.        ],[68.49290145  1.22      ],[-5.55860632  0.        ],[27.80428044  0.90088845]
176,26,100,[90.42926596  2.        ],[50.51504183  0.83      ],[-5.56761558  0.        ],[35.78761866  0.90614568]
177,27,100,[90.43194694  2.        ],[50.84297686  0.74      ],[-5.56671023  0.        ],[33.91725724  0.85580372]
178,28,100,[90.35656551  2.        ],[51.57004912  0.74      ],[-5.56671023  0.        ],[33.08482203  0.8788629 ]
179,29,100,[90.43194694  2.        ],[53.29009541  0.79      ],[-5.56761558  0.        ],[33.43969337  0.87515713]
180,0,100,[86.34000627  2.        ],[74.99360208  1.        ],[52.52356535  0.        ],[3.25334747 0.14142136]
181,1,100,[87.16086875  2.        ],[62.92731918  0.82      ],[-5.98044398  0.        ],[24.32879006  0.66902915]
182,2,100,[87.49507011  2.        ],[47.76530885  0.77      ],[-5.98095486  0.        ],[36.89068671  0.87011493]
183,3,100,[87.01951458  2.        ],[48.52928242  0.66      ],[-5.79725273  0.        ],[32.19476696  0.83928541]
184,4,100,[87.13293914  2.        ],[45.46843909  0.67      ],[-5.83276748  0.        ],[34.85095005  0.87241045]
185,5,100,[87.4028626  2.       ],[49.64403758  0.78      ],[-5.80349471  0.        ],[34.48868698  0.87840765]
186,6,100,[87.52704447  2.        ],[48.90255924  0.76      ],[-5.96602838  0.        ],[33.90765145  0.84994117]
187,7,100,[87.66850044  2.        ],[44.19533347  0.55      ],[-5.97456657  0.        ],[35.57410493  0.75332596]
188,8,100,[87.85806933  2.        ],[74.86030808  1.3       ],[3.29842238 0.        ],[21.35854662  0.80622577]
189,9,100,[88.01146615  2.        ],[71.18055686  1.15      ],[-5.91093984  0.        ],[24.10541626  0.75332596]
190,10,100,[88.07146615  2.        ],[79.70187025  1.43      ],[34.68205249  0.        ],[12.18985519  0.66715815]
191,11,100,[88.88479378  2.        ],[84.07241771  1.62      ],[68.57011457  0.        ],[4.07713811 0.54369109]
192,12,100,[89.21479378  2.        ],[75.30160742  1.2       ],[-1.18726255  0.        ],[17.41230406  0.77459667]
193,13,100,[89.06479378  2.        ],[72.61926091  1.08      ],[12.23510871  0.        ],[18.44350947  0.79598995]
194,14,100,[89.12241848  2.        ],[75.17377163  1.16      ],[25.75409291  0.        ],[14.83529568  0.75789181]
195,15,100,[89.12479378  2.        ],[76.55860434  1.1       ],[21.21109304  0.        ],[14.41189446  0.74161985]
196,16,100,[88.54802808  2.        ],[75.92722831  1.05      ],[21.31052015  0.        ],[14.37552132  0.81700673]
197,17,100,[89.21479378  2.        ],[80.16016819  1.28      ],[39.30346987  0.        ],[10.15975904  0.81338798]
198,18,100,[89.21479378  2.        ],[83.04138971  1.45      ],[39.31571501  0.        ],[7.3052716 0.698212 ]
199,19,100,[89.21718042  2.        ],[81.49334085  1.42      ],[39.29832195  0.        ],[10.84000917  0.77691698]
200,20,100,[89.28684256  2.        ],[83.46057527  1.51      ],[59.50591045  0.        ],[5.50527561 0.55668663]
201,21,100,[89.12718042  2.        ],[85.12885798  1.64      ],[70.80831264  0.        ],[3.83056049 0.53888774]
202,22,100,[89.25684256  2.        ],[84.8904156  1.63     ],[61.80854605  0.        ],[4.44319899 0.57714816]
203,23,100,[89.24479378  2.        ],[85.6702897  1.7      ],[71.75489234  0.        ],[3.32615905 0.47958315]
204,24,100,[89.28440946  2.        ],[86.22195473  1.77      ],[75.29405554  0.        ],[2.53824244 0.44395946]
205,25,100,[89.24479378  2.        ],[86.1682114  1.72     ],[80.77672988  1.        ],[2.5785435  0.44899889]
206,26,100,[89.29174456  2.        ],[86.77677745  1.83      ],[81.95580007  1.        ],[2.08128493 0.3756328 ]
207,27,100,[89.27718042  2.        ],[85.1478309  1.49     ],[75.29470869  0.        ],[4.22087291 0.67074585]
208,28,100,[89.25440946  2.        ],[85.51275362  1.54      ],[75.2741134  0.       ],[4.09772015 0.65452273]
209,29,100,[89.28440946  2.        ],[85.04615269  1.44      ],[75.27911344  0.        ],[3.65929855 0.58855756]
210,0,100,[76.30241196  1.        ],[63.06313954  0.7       ],[30.22431167  0.        ],[19.04558062  0.45825757]
211,1,100,[76.38056645  1.        ],[66.96624577  0.81      ],[12.44938199  0.        ],[15.64963163  0.3923009 ]
212,2,100,[80.58782115  1.        ],[61.72545382  0.66      ],[34.60046682  0.        ],[17.44634873  0.47370877]
213,3,100,[86.14984201  2.        ],[65.76168005  0.76      ],[30.38339422  0.        ],[17.38970041  0.51224994]
214,4,100,[87.0245964  2.       ],[59.97257039  0.67      ],[30.38339422  0.        ],[18.83832582  0.60091597]
215,5,100,[86.40527132  2.        ],[50.29625855  0.54      ],[3.45178007 0.        ],[26.86188982  0.63906181]
216,6,100,[86.73527132  2.        ],[50.14410382  0.61      ],[-5.5575952  0.       ],[28.30751788  0.69130312]
217,7,100,[86.37527132  2.        ],[53.82872498  0.67      ],[-5.5575952  0.       ],[26.71372732  0.63332456]
218,8,100,[86.41984201  2.        ],[50.64638811  0.63      ],[-5.54821993  0.        ],[27.18396076  0.68782265]
219,9,100,[86.72142179  2.        ],[53.44350138  0.76      ],[3.45178007 0.        ],[28.29554195  0.70880181]
220,10,100,[86.66142179  2.        ],[51.56545842  0.68      ],[3.45020527 0.        ],[25.7736687  0.6910861]
221,11,100,[86.8745964  2.       ],[54.08876405  0.68      ],[3.45335985 0.        ],[26.91822602  0.71944423]
222,12,100,[86.8745964  2.       ],[53.76155105  0.78      ],[3.45178007 0.        ],[27.05542751  0.74269779]
223,13,100,[86.75142179  2.        ],[54.93660391  0.73      ],[3.45178007 0.        ],[25.98331271  0.71909666]
224,14,100,[86.8145964  2.       ],[56.45346233  0.81      ],[3.45178007 0.        ],[26.27567542  0.79617837]
225,15,100,[86.7845964  2.       ],[65.38839593  1.01      ],[7.68906522 0.        ],[22.38593767  0.74155243]
226,16,100,[86.93996584  2.        ],[64.79020714  1.05      ],[7.68590066 0.        ],[23.91368189  0.80467385]
227,17,100,[86.6945964  2.       ],[58.97414416  0.85      ],[7.68590066 0.        ],[21.11078009  0.73993243]
228,18,100,[87.2045964  2.       ],[63.68090292  1.07      ],[3.45178007 0.        ],[24.62601021  0.82770768]
229,19,100,[86.8445964  2.       ],[65.23843585  1.06      ],[7.68748044 0.        ],[21.75968006  0.74592225]
230,20,100,[86.82844593  2.        ],[62.45481532  1.03      ],[7.95494464 0.        ],[22.51700546  0.78044859]
231,21,100,[87.0845964  2.       ],[69.63706251  1.23      ],[12.18906522  0.        ],[20.45415064  0.73287107]
232,22,100,[87.2045964  2.       ],[65.64530371  1.12      ],[30.45494464  0.        ],[20.12563679  0.76524506]
233,23,100,[87.06844593  2.        ],[72.05881787  1.24      ],[11.90653215  0.        ],[19.08445339  0.72277244]
234,24,100,[87.2045964  2.       ],[67.67211925  1.21      ],[12.18906522  0.        ],[21.29705628  0.77839579]
235,25,100,[87.1445964  2.       ],[69.46191102  1.19      ],[7.95494464 0.        ],[21.69552051  0.82091412]
236,26,100,[86.8445964  2.       ],[74.6528676  1.4      ],[39.0006603  0.       ],[17.3078156   0.74833148]
237,27,100,[87.2045964  2.       ],[68.21754631  1.15      ],[34.55241856  0.        ],[19.79035689  0.80467385]
238,28,100,[87.15844593  2.        ],[76.34802209  1.46      ],[34.69065505  0.        ],[15.87528451  0.66962676]
239,29,100,[87.1745964  2.       ],[73.80720837  1.39      ],[21.18906522  0.        ],[18.2261273   0.76019734]
240,0,100,[77.10295665  1.        ],[48.41721873  0.11      ],[11.96391226  0.        ],[14.46700725  0.31288976]
241,1,100,[78.44201575  1.        ],[65.96037228  0.71      ],[2.96213193 0.        ],[16.54407449  0.45376205]
242,2,100,[78.76860656  1.        ],[50.7525613  0.51     ],[-1.50704428  0.        ],[27.25449491  0.49989999]
243,3,100,[78.66223813  1.        ],[65.65409792  0.76      ],[11.97554796  0.        ],[17.70590944  0.42708313]
244,4,100,[80.77967941  1.        ],[67.14015459  0.78      ],[7.74985198 0.        ],[15.7301523  0.4142463]
245,5,100,[81.18308791  1.        ],[60.0331126  0.7      ],[-1.35977466  0.        ],[27.33891533  0.45825757]
246,6,100,[83.24626538  1.        ],[69.32764136  0.73      ],[-1.46567314  0.        ],[18.26197875  0.44395946]
247,7,100,[83.18626538  1.        ],[61.81786761  0.5       ],[-5.63701678  0.        ],[22.69646458  0.5       ]
248,8,100,[83.21508752  1.        ],[56.03807552  0.35      ],[-5.70816323  0.        ],[23.47108467  0.4769696 ]
249,9,100,[83.27391244  1.        ],[60.57519056  0.4       ],[-5.58274669  0.        ],[21.00216086  0.48989795]
250,10,100,[83.15391244  1.        ],[49.18026074  0.32      ],[-5.96984767  0.        ],[27.38516645  0.46647615]
251,11,100,[83.27744602  1.        ],[53.89376107  0.39      ],[-5.74325481  0.        ],[26.02865295  0.48774994]
252,12,100,[83.21157051  1.        ],[56.45619128  0.39      ],[9.12823418 0.        ],[21.8816532   0.48774994]
253,13,100,[83.27157051  1.        ],[51.76245041  0.2       ],[-5.44339126  0.        ],[19.34642986  0.4       ]
254,14,100,[83.28007292  1.        ],[56.10760279  0.33      ],[17.12995724  0.        ],[18.73396403  0.47021272]
255,15,100,[83.4453634  1.       ],[56.33701982  0.36      ],[8.41861492 0.        ],[20.33795549  0.48      ]
256,16,100,[83.44913701  1.        ],[65.14433984  0.47      ],[12.80764536  0.        ],[17.9895954   0.49909919]
257,17,100,[83.26918858  1.        ],[63.77172352  0.47      ],[8.32880628 0.        ],[19.59317583  0.49909919]
258,18,100,[83.26392941  1.        ],[66.5071181  0.49     ],[-5.10179607  0.        ],[16.56037895  0.49989999]
259,19,100,[83.45166866  1.        ],[66.86942627  0.47      ],[12.77515019  0.        ],[14.08327823  0.49909919]
260,20,100,[83.3327401  1.       ],[66.22258717  0.53      ],[3.04361258 0.        ],[18.38169934  0.49909919]
261,21,100,[83.25360403  1.        ],[66.86758513  0.52      ],[16.59251924  0.        ],[16.87827773  0.49959984]
262,22,100,[83.53979342  1.        ],[68.67130346  0.57      ],[12.88207791  0.        ],[15.9305563   0.49507575]
263,23,100,[83.65979342  1.        ],[66.7329581  0.57     ],[17.12898353  0.        ],[18.19193258  0.49507575]
264,24,100,[83.65979342  1.        ],[62.62466269  0.47      ],[7.46805085 0.        ],[19.69370005  0.49909919]
265,25,100,[83.73850542  1.        ],[67.47245325  0.61      ],[7.63089464 0.        ],[18.91130663  0.48774994]
266,26,100,[88.22792891  2.        ],[66.51131553  0.62      ],[-5.56413124  0.        ],[22.41942348  0.50556899]
267,27,100,[87.25407939  2.        ],[55.94232402  0.62      ],[-5.56053368  0.        ],[27.46222322  0.56178288]
268,28,100,[87.19268662  2.        ],[55.20545848  0.6       ],[-5.57468488  0.        ],[28.6803835   0.58309519]
269,29,100,[87.52573776  2.        ],[58.65477115  0.64      ],[-5.5686649  0.       ],[26.90256263  0.59194594]
270,0,100,[85.93265859  2.        ],[77.65711168  1.03      ],[44.0635206  0.       ],[5.6353336  0.33030289]
271,1,100,[87.04815351  2.        ],[77.65390692  1.        ],[61.83083898  0.        ],[3.47418459 0.14142136]
272,2,100,[86.79664301  2.        ],[79.21265006  1.13      ],[57.33083898  0.        ],[5.09278078 0.43943145]
273,3,100,[87.14146478  2.        ],[77.9133159  1.05     ],[48.37754889  0.        ],[6.03239592 0.40926764]
274,4,100,[87.04815351  2.        ],[78.84184669  1.15      ],[35.09319032  0.        ],[6.13908698 0.4330127 ]
275,5,100,[86.99146478  2.        ],[78.56174087  1.11      ],[34.82397388  0.        ],[6.5756555  0.42178193]
276,6,100,[87.06664301  2.        ],[79.60417324  1.15      ],[44.08065092  0.        ],[5.45895684 0.40926764]
277,7,100,[87.09664301  2.        ],[80.24718365  1.19      ],[70.66241832  0.        ],[4.58314438 0.52335456]
278,8,100,[87.02146478  2.        ],[80.80416579  1.19      ],[66.33213264  0.        ],[3.96302145 0.41701319]
279,9,100,[87.17146478  2.        ],[81.13475821  1.26      ],[71.88419283  1.        ],[3.97357614 0.43863424]
280,10,100,[87.18664301  2.        ],[80.98505635  1.32      ],[61.81934422  0.        ],[4.81094743 0.4874423 ]
281,11,100,[87.92146615  2.        ],[82.46441417  1.4       ],[71.59750322  1.        ],[3.63561843 0.48989795]
282,12,100,[87.74146615  2.        ],[81.17080162  1.26      ],[43.67291771  0.        ],[6.08507417 0.52191953]
283,13,100,[87.98146615  2.        ],[82.08329675  1.24      ],[70.80810779  0.        ],[3.69781835 0.47159304]
284,14,100,[88.04146615  2.        ],[82.33549695  1.35      ],[66.33314845  0.        ],[3.92889759 0.51720402]
285,15,100,[88.04146615  2.        ],[82.03105754  1.35      ],[66.16612204  0.        ],[4.85124269 0.55452683]
286,16,100,[88.04146615  2.        ],[81.80635934  1.29      ],[70.83213264  0.        ],[5.03420716 0.63710282]
287,17,100,[88.01146615  2.        ],[81.94506334  1.37      ],[70.82625179  0.        ],[4.63525737 0.55955339]
288,18,100,[88.01146615  2.        ],[81.53769211  1.33      ],[66.30319375  0.        ],[4.8608301 0.5487258]
289,19,100,[87.98146615  2.        ],[81.0661635  1.3      ],[44.08044489  0.        ],[5.79632837 0.5       ]
290,20,100,[88.07146615  2.        ],[81.41373742  1.26      ],[70.8311308  0.       ],[4.56045468 0.54074023]
291,21,100,[88.04146615  2.        ],[80.94434129  1.27      ],[61.82187587  0.        ],[4.64426518 0.48692915]
292,22,100,[88.07146615  2.        ],[81.42444494  1.3       ],[71.59111744  1.        ],[4.04310964 0.45825757]
293,23,100,[88.07146615  2.        ],[81.30047897  1.33      ],[71.41750322  1.        ],[4.40405293 0.47021272]
294,24,100,[88.07146615  2.        ],[82.51201922  1.43      ],[71.50750322  1.        ],[4.51645105 0.49507575]
295,25,100,[87.95146615  2.        ],[82.04221755  1.4       ],[71.50111744  1.        ],[4.49890674 0.48989795]
296,26,100,[88.01146615  2.        ],[81.17124981  1.3       ],[66.33473005  0.        ],[4.55591193 0.47958315]
297,27,100,[88.10146615  2.        ],[81.15137645  1.3       ],[70.82299996  0.        ],[4.71700087 0.47958315]
298,28,100,[88.04146615  2.        ],[83.10110761  1.45      ],[75.91879022  1.        ],[3.67826229 0.49749372]
299,29,100,[88.07146615  2.        ],[84.39479114  1.58      ],[76.13482009  1.        ],[2.8297534  0.49355851]
